{
  "loss": [
    10.152063641764926,
    9.921143347744772,
    9.676001939145364,
    9.376791142773982,
    9.093951443261615,
    8.935030648432951,
    8.838837666994998,
    8.723794685934745,
    8.585087669583615,
    8.420879476193305,
    8.265150850152637,
    8.12722655154391,
    7.994553951026319,
    7.8630812185921934,
    7.747703997408882,
    7.662077539866657,
    7.5978876020955335,
    7.458880112960268,
    7.320037436450281,
    7.214451549471295,
    7.076037468262283,
    6.913626109210075,
    6.765677797620002,
    6.682426312625796,
    6.608523893319765,
    6.458216817767753,
    6.354415640078339,
    6.284622377375972,
    6.156755807052312,
    6.000932921782124,
    5.881417422872451,
    5.716764510706054,
    5.533157869546084,
    5.382575849787695,
    5.176625855567188,
    4.953474613707495,
    4.732522739124485,
    4.502193852160205,
    4.276876792654527,
    4.072310282925148,
    3.866727899606477,
    3.6614303125757703,
    3.4799470777163766,
    3.31943006723365,
    3.1767360977991035,
    3.043321029419812,
    2.9137238131286054,
    2.7959713993673154,
    2.685753048056635,
    2.5822530608257006,
    2.4846610226403083,
    2.394185297029777,
    2.313319780847521,
    2.2423448330481657,
    2.184951026475699,
    2.143432112892702,
    2.1097483697428596,
    2.083653252430913,
    2.059239661399435,
    2.03725893616818,
    2.0186455494729545,
    2.0005089195082184,
    1.9809106196558628,
    1.9644511574855854,
    1.94961051336839,
    1.9361680619569404,
    1.9254881347896666,
    1.9143588203058481,
    1.9076922819873896,
    1.888234240601776,
    1.873722801798533,
    1.8652965531361911,
    1.854459954263842,
    1.8434379441688384,
    1.833296433339611,
    1.8217115321857613,
    1.809159139201135,
    1.793623401724547,
    1.7811957509647172,
    1.7696848210565839,
    1.7615926792664187,
    1.7506551096716743,
    1.7480765284040192,
    1.7310466818723511,
    1.7221432424883418,
    1.7022435290942968,
    1.7007453976160551,
    1.6821643890363138,
    1.6718460100679797,
    1.6560455370545069,
    1.6507411132048857,
    1.635018235633525,
    1.6262519568224474,
    1.6056457813589755,
    1.5972652085643366,
    1.584824176071572,
    1.574438039829079,
    1.5596406752333642,
    1.5583524123921983,
    1.5350964327905727
  ],
  "accuracy": [
    0.09621428571428571,
    0.11407142857142857,
    0.13135714285714287,
    0.1534047619047619,
    0.1804047619047619,
    0.1976190476190476,
    0.20573809523809525,
    0.2148095238095238,
    0.22407142857142856,
    0.2364047619047619,
    0.24942857142857142,
    0.2614761904761905,
    0.272,
    0.28054761904761905,
    0.2900238095238095,
    0.2949047619047619,
    0.2976190476190476,
    0.3071190476190476,
    0.31573809523809526,
    0.31923809523809527,
    0.3242857142857143,
    0.32966666666666666,
    0.33526190476190476,
    0.33714285714285713,
    0.34214285714285714,
    0.35528571428571426,
    0.3616666666666667,
    0.36383333333333334,
    0.37054761904761907,
    0.37976190476190474,
    0.38457142857142856,
    0.39035714285714285,
    0.3917857142857143,
    0.384547619047619,
    0.3847857142857143,
    0.3812142857142857,
    0.3763095238095238,
    0.3737142857142857,
    0.3684047619047619,
    0.3585238095238095,
    0.3517142857142857,
    0.34526190476190477,
    0.3379761904761905,
    0.3298809523809524,
    0.3191428571428571,
    0.3101904761904762,
    0.304,
    0.29828571428571427,
    0.293,
    0.29014285714285715,
    0.2890714285714286,
    0.29035714285714287,
    0.2913809523809524,
    0.2923809523809524,
    0.3089047619047619,
    0.30926190476190474,
    0.3085,
    0.30747619047619046,
    0.30726190476190474,
    0.30752380952380953,
    0.30823809523809526,
    0.3076904761904762,
    0.3055,
    0.30004761904761906,
    0.30004761904761906,
    0.2983095238095238,
    0.2954761904761905,
    0.2941190476190476,
    0.29183333333333333,
    0.29964285714285716,
    0.30454761904761907,
    0.3085952380952381,
    0.31385714285714283,
    0.3176428571428571,
    0.32207142857142856,
    0.32366666666666666,
    0.3274761904761905,
    0.3315238095238095,
    0.33445238095238095,
    0.3474047619047619,
    0.3520238095238095,
    0.3585,
    0.3664047619047619,
    0.3767857142857143,
    0.38421428571428573,
    0.38845238095238094,
    0.38952380952380955,
    0.3985,
    0.40323809523809523,
    0.4027142857142857,
    0.40464285714285714,
    0.40545238095238095,
    0.4076190476190476,
    0.41545238095238096,
    0.4252619047619048,
    0.4335952380952381,
    0.4360476190476191,
    0.4394047619047619,
    0.4405,
    0.4482380952380952
  ],
  "val_loss": [
    10.15351943392158,
    9.925543085532494,
    9.683943449344827,
    9.395288224124732,
    9.113767240278104,
    8.961745286212894,
    8.8668105348689,
    8.758027715789561,
    8.611186783021196,
    8.458693950287486,
    8.325655483282516,
    8.197723125743147,
    8.065802536863936,
    7.942310041022119,
    7.82083434335949,
    7.723730187660092,
    7.63673647414843,
    7.506543133102832,
    7.381573404332177,
    7.269726264055282,
    7.129738247576479,
    6.953443154463798,
    6.780806915876988,
    6.6691607994744375,
    6.59025090121599,
    6.461575010616393,
    6.358088398472455,
    6.289990432213566,
    6.161811925524312,
    6.004156522138191,
    5.877284994921561,
    5.718233534989238,
    5.558611453202197,
    5.434563332314439,
    5.2436627528966495,
    5.01770968531545,
    4.799175296703794,
    4.568952313480048,
    4.334077744946265,
    4.106228584374342,
    3.8815875426287962,
    3.6594562148669323,
    3.473571707573272,
    3.3078591023494397,
    3.1707044592549916,
    3.0465766332741686,
    2.915329270906155,
    2.786042164696912,
    2.6703897191505903,
    2.5693436240462844,
    2.4808712212336546,
    2.401344542872591,
    2.3283462229454024,
    2.2667674052597135,
    2.219097572632506,
    2.186291696436405,
    2.156570161452954,
    2.1303627409569343,
    2.1074655753247136,
    2.084393811861147,
    2.063564552419924,
    2.042335164809,
    2.018622698209276,
    1.998251140865728,
    1.9807696062700828,
    1.964678510049938,
    1.9522997003897995,
    1.9399035744862936,
    1.9331884846040968,
    1.914667319575685,
    1.9012762544540285,
    1.892990669627628,
    1.8823538327388278,
    1.8715227945310533,
    1.8596621231372918,
    1.8479914001145668,
    1.8371585984749372,
    1.8228556008598191,
    1.8103678372050804,
    1.798644189269637,
    1.789752309598063,
    1.7787105791529587,
    1.776989837638961,
    1.760524282880736,
    1.750516410242444,
    1.7279926573149096,
    1.7225542984183009,
    1.705063470825686,
    1.6936632583699591,
    1.6751554064061258,
    1.666935654150309,
    1.6516307262595453,
    1.6413656934694139,
    1.6199940447744563,
    1.6104372582998228,
    1.5972347930015767,
    1.5859522673115791,
    1.5751950565939035,
    1.5758820712639474,
    1.5512194424716508
  ],