{
  "loss": [
    10.076958072464901,
    9.764606268291354,
    9.389284237888157,
    9.03242582398532,
    8.872682129750684,
    8.731131606344704,
    8.572244446555903,
    8.375214882199204,
    8.188234467942884,
    8.025055771030436,
    7.861663360070356,
    7.703678359519001,
    7.583765099864278,
    7.522854176295813,
    7.354356506478928,
    7.110048235339312,
    6.948849133781615,
    6.771718638581076,
    6.587029519467467,
    6.447728895523873,
    6.3235878178490745,
    6.172521227773243,
    6.01637587260342,
    5.859343181592168,
    5.652360049140035,
    5.418100283806347,
    5.140771750049461,
    4.833024123030833,
    4.515843770296136,
    4.207566952281324,
    3.903496679947568,
    3.63294117145719,
    3.383637635961654,
    3.1723189976358013,
    2.991388952430679,
    2.83725968270932,
    2.7117634976906038,
    2.600514708562994,
    2.5049022187175414,
    2.420534711960405,
    2.355487237051043,
    2.303969971401405,
    2.2576431875734713,
    2.218151636987901,
    2.177353937831663,
    2.135472795575596,
    2.0927202246863024,
    2.0497694800638957,
    2.015772301984827,
    1.9972968671711662,
    1.9840732278780924,
    1.9787935356714106,
    1.9728412181818231,
    1.9538246939892647,
    1.9324166045687976,
    1.901080947544386,
    1.8852510676089442,
    1.864688656439852,
    1.8579564230325512,
    1.842901252082468,
    1.8346465860105545,
    1.8185239243690718,
    1.801306867152997,
    1.7841871861542844,
    1.7726962837477587,
    1.757118371244653,
    1.7489216664316063,
    1.7387532597163577,
    1.723406202631576,
    1.7127871609836667,
    1.6985370491223513,
    1.6832738067414934,
    1.6734470819775986,
    1.657290438053321,
    1.6408235912650455,
    1.6298745591139265,
    1.611270819866957,
    1.6041110126632507,
    1.5800817162878587,
    1.573004944863655,
    1.5663080647483105,
    1.5485972970041402,
    1.524729470366216,
    1.5096333098862544,
    1.5005225962672626,
    1.4905060385152886,
    1.465156944178196,
    1.463304933074909,
    1.447089941971515,
    1.434990988026654,
    1.4255284983409,
    1.39111250783917,
    1.3575412455154894,
    1.3574852276177907,
    1.3308183307439063,
    1.3140973636035886,
    1.3086512776770143,
    1.2740593311924566,
    1.287797492525138,
    1.2693732883520832
  ],
  "accuracy": [
    0.10171428571428572,
    0.12621428571428572,
    0.1529761904761905,
    0.18702380952380954,
    0.20302380952380952,
    0.21414285714285713,
    0.2257142857142857,
    0.24011904761904762,
    0.25671428571428573,
    0.2693809523809524,
    0.2814047619047619,
    0.29264285714285715,
    0.2975714285714286,
    0.2991666666666667,
    0.30497619047619046,
    0.3142142857142857,
    0.32116666666666666,
    0.3352142857142857,
    0.35119047619047616,
    0.36138095238095236,
    0.36754761904761907,
    0.37342857142857144,
    0.3762142857142857,
    0.3717857142857143,
    0.37357142857142855,
    0.3840952380952381,
    0.39030952380952383,
    0.39161904761904764,
    0.38621428571428573,
    0.37607142857142856,
    0.3600714285714286,
    0.3391904761904762,
    0.31673809523809526,
    0.2924761904761905,
    0.2781190476190476,
    0.2672380952380952,
    0.2547142857142857,
    0.24119047619047618,
    0.23416666666666666,
    0.22895238095238096,
    0.23916666666666667,
    0.23416666666666666,
    0.23188095238095238,
    0.23352380952380952,
    0.23802380952380953,
    0.24607142857142858,
    0.25761904761904764,
    0.2699285714285714,
    0.27935714285714286,
    0.2843333333333333,
    0.2916666666666667,
    0.29895238095238097,
    0.3071190476190476,
    0.3182142857142857,
    0.3233333333333333,
    0.32966666666666666,
    0.3324761904761905,
    0.3364285714285714,
    0.3371190476190476,
    0.3253095238095238,
    0.3279761904761905,
    0.32957142857142857,
    0.33335714285714285,
    0.33814285714285713,
    0.34176190476190477,
    0.3440238095238095,
    0.34464285714285714,
    0.34745238095238096,
    0.3479047619047619,
    0.36178571428571427,
    0.36902380952380953,
    0.37597619047619046,
    0.3800952380952381,
    0.3845952380952381,
    0.3891428571428571,
    0.397,
    0.40214285714285714,
    0.4075238095238095,
    0.4158095238095238,
    0.42269047619047617,
    0.42847619047619045,
    0.43164285714285716,
    0.4370476190476191,
    0.443047619047619,
    0.4635238095238095,
    0.46785714285714286,
    0.47345238095238096,
    0.467,
    0.474,
    0.48169047619047617,
    0.4902142857142857,
    0.5001190476190476,
    0.5148571428571429,
    0.5202380952380953,
    0.528547619047619,
    0.5303571428571429,
    0.5082380952380953,
    0.5383571428571429,
    0.5480714285714285,
    0.5450714285714285
  ],
  "val_loss": [
    10.081581594969306,
    9.77115099738068,
    9.410455776543355,
    9.05127154735669,
    8.901853281280315,
    8.765937703479745,
    8.609217187883987,
    8.429176748545794,
    8.260896878855796,
    8.099868190358888,
    7.938346013091642,
    7.7615559587923855,
    7.630777856902727,
    7.53224395042676,
    7.35871660977934,
    7.144091406199499,
    6.97638217378515,
    6.805251449529915,
    6.623954418012791,
    6.469254546350889,
    6.332689861293822,
    6.186929495883704,
    6.028149568716932,
    5.876987069573137,
    5.675465805924754,
    5.448337700718411,
    5.199549940411749,
    4.924803923866905,
    4.59868034639909,
    4.25389229062604,
    3.9266811155431465,
    3.6523161005564178,
    3.397913055404505,
    3.1929403823780365,
    3.0070473819641412,
    2.838156591667439,
    2.7096637651386546,
    2.6036780363443643,
    2.5199441568728562,
    2.4458462885270857,
    2.3879103124207064,
    2.3428652913488697,
    2.298164955280013,
    2.253886711875261,
    2.2114628833649577,
    2.166351040553081,
    2.1172520153280723,
    2.0739617065520446,
    2.0405703011190757,
    2.022251518121228,
    2.0070838193235563,
    2.0066785758274266,
    2.0044449404205515,
    1.98500338812284,
    1.9614744549491343,
    1.9287030925167659,
    1.910536101113937,
    1.8859090235743825,
    1.876561739577445,
    1.8623723067327804,
    1.85597022849323,
    1.8396008881886132,
    1.8234132718195037,
    1.8086807593110545,
    1.800459907133228,
    1.7849965092839595,
    1.7764127702212853,
    1.767675600417811,
    1.7453186709558277,
    1.7298749493075256,
    1.7142893613794847,
    1.698535540761647,
    1.6890037506819846,
    1.6738183945844753,
    1.6579500081610792,
    1.6466832525183315,
    1.6287798422928654,
    1.6248428661782834,
    1.6007961686140852,
    1.5939398358377126,
    1.5876136994390255,
    1.5707451276212627,
    1.5456294729601998,
    1.528613616870726,
    1.516930722420437,
    1.506317525339687,
    1.4820201218806917,
    1.4818485885700408,
    1.469236069030772,
    1.4551452906532591,
    1.441276218554267,
    1.4092960959532155,
    1.3763183408449824,
    1.3773194817388241,
    1.3507269260451111,
    1.3268653340296892,
    1.3177941315909678,
    1.2923728333045759,
    1.3134007696252987,
    1.2924384230214756
  ],