{
  "loss": [
    10.305151880806672,
    10.270828394764141,
    10.23279914641353,
    10.191362596433134,
    10.147402035490572,
    10.101406984999254,
    10.0538844911151,
    10.00568776629991,
    9.957192360266495,
    9.908811153842231,
    9.860392542709546,
    9.811832289902066,
    9.762931176959093,
    9.712617286077204,
    9.659021075386685,
    9.602176648250646,
    9.541836625918195,
    9.478672069843368,
    9.414543104274895,
    9.35039628156596,
    9.286988470694945,
    9.225992811980849,
    9.169642056902985,
    9.118440291325763,
    9.072954173404039
  ],
  "accuracy": [
    0.0870952380952381,
    0.08907142857142857,
    0.09076190476190477,
    0.09307142857142857,
    0.096,
    0.09938095238095238,
    0.10307142857142858,
    0.10728571428571429,
    0.1110952380952381,
    0.11419047619047619,
    0.118,
    0.12252380952380952,
    0.12611904761904763,
    0.12921428571428573,
    0.13276190476190478,
    0.13654761904761906,
    0.1401904761904762,
    0.14445238095238094,
    0.15047619047619049,
    0.15552380952380954,
    0.16095238095238096,
    0.16673809523809524,
    0.17238095238095238,
    0.17742857142857144,
    0.18292857142857144
  ],
  "val_loss": [
    10.29718237131678,
    10.263862277175946,
    10.228160188989087,
    10.189849128476004,
    10.148994173316805,
    10.105527281480947,
    10.05941050231462,
    10.01172335120815,
    9.96396650198127,
    9.915883094815623,
    9.867918988165114,
    9.820430159227866,
    9.772343635409948,
    9.721813118462181,
    9.667395475751265,
    9.60908331218345,
    9.549848892202359,
    9.490111445404256,
    9.429768056160997,
    9.370162745380183,
    9.310943983483078,
    9.251850614894503,
    9.195061081771057,
    9.14253905579425,
    9.095694891785453
  ],
  "val_accuracy": [
    0.029523809523809525,
    0.030023809523809526,
    0.03088095238095238,
    0.03147619047619048,
    0.03223809523809524,
    0.03338095238095238,
    0.03430952380952381,
    0.03535714285714286,
    0.0365952380952381,
    0.03785714285714286,
    0.03883333333333333,
    0.04026190476190476,
    0.04138095238095238,
    0.042523809523809526,
    0.04314285714285714,
    0.04445238095238095,
    0.04580952380952381,
    0.04740476190476191,
    0.049,
    0.050738095238095235,
    0.05235714285714286,
    0.05440476190476191,
    0.05626190476190476,
    0.058404761904761904,
    0.06004761904761905
  ]
}