{
  "loss": [
    9.53339953198956,
    8.807062194674375,
    8.363436695635608,
    7.9970546775177835,
    7.560305913698458,
    7.489395253094298,
    6.9118624810616085,
    6.871887302566445,
    6.497978761987435,
    6.002014817253236,
    5.9241914732473235,
    5.35608681628757,
    4.71827124045164,
    4.063668048883204,
    3.4043654724053285,
    2.913715611157906,
    2.5929756140279245,
    2.4342911691577123,
    2.1770827903958536,
    2.089220268185055,
    2.0675687868791295,
    2.0112470716050748,
    1.9472431502312528,
    2.062534843601002,
    1.9552891030336164,
    2.335257726806955,
    1.9057303270711585,
    1.938801689586067,
    2.024367777349494,
    2.0832823135760314,
    2.1013591316063134,
    2.106952995240172,
    2.1133933353467986,
    2.121050466582559,
    2.1546894485184644,
    2.0406129732364175,
    2.0249085920053416,
    2.010900987322551,
    1.9989311965036052,
    1.9462676210613084,
    1.923964735418281,
    1.9073178460304916,
    1.9262553575260954,
    1.9362508635140625,
    1.925844985298573,
    1.8917975908849798,
    1.8498950530458418,
    1.827305341330899,
    1.8029725412175193,
    2.310148324093845,
    1.7652455679240928,
    1.7693414502429434,
    1.7801222992391919,
    1.7662397255333009,
    1.7686636422717306,
    1.77772874576752,
    1.776668072017216,
    1.7703361040027192,
    1.757943749607811,
    1.7555958432987824,
    1.753019254361673,
    1.7456248103475647,
    1.735025359245239,
    1.722330940778828,
    1.7338521057307812,
    1.758788802319252,
    1.7195447890500524,
    1.7009886201463513,
    1.7025323715438825,
    1.7049022648413616,
    1.690877815582261,
    1.686442192597783,
    1.68136304562902,
    1.674588096760363,
    1.6755304732924172,
    1.6824284722642613,
    1.6801439339458946,
    1.6649569735499297,
    1.6590434271776109,
    1.6543365714054612,
    1.6491200287305703,
    1.6475916854329216,
    1.6441730931415066,
    1.6699310650649721,
    1.6698484269965717,
    1.6567876007982967,
    1.6527147241513926,
    1.6464682379528621,
    1.6499298878027717,
    1.6441075850090545,
    1.6322124072443458,
    1.6288665401587579,
    1.626310946946662,
    1.6246587707946978,
    1.6280726336829465,
    1.6303115113281217,
    1.6199837603954508,
    1.6162114583286948,
    1.6129953709718268,
    1.6142623449453428
  ],
  "accuracy": [
    0.14333333333333334,
    0.2085,
    0.24307142857142858,
    0.2735714285714286,
    0.30633333333333335,
    0.29054761904761905,
    0.34959523809523807,
    0.3468095238095238,
    0.37242857142857144,
    0.4091190476190476,
    0.3471904761904762,
    0.4115,
    0.41645238095238096,
    0.38980952380952383,
    0.3554047619047619,
    0.3242857142857143,
    0.29,
    0.29997619047619045,
    0.30478571428571427,
    0.31004761904761907,
    0.30847619047619046,
    0.30873809523809526,
    0.31485714285714284,
    0.3244047619047619,
    0.2950238095238095,
    0.2831190476190476,
    0.2948095238095238,
    0.2814047619047619,
    0.23816666666666667,
    0.21092857142857144,
    0.20766666666666667,
    0.21278571428571427,
    0.2303095238095238,
    0.23873809523809525,
    0.1914047619047619,
    0.2357142857142857,
    0.22835714285714287,
    0.227,
    0.22795238095238096,
    0.2584047619047619,
    0.24876190476190477,
    0.25502380952380954,
    0.2586428571428571,
    0.25721428571428573,
    0.3337380952380952,
    0.3359285714285714,
    0.3358809523809524,
    0.3334285714285714,
    0.3345714285714286,
    0.2660952380952381,
    0.3335,
    0.33435714285714285,
    0.3329285714285714,
    0.33726190476190476,
    0.33754761904761904,
    0.3330714285714286,
    0.3344285714285714,
    0.3370952380952381,
    0.33904761904761904,
    0.3454761904761905,
    0.35204761904761905,
    0.35519047619047617,
    0.35554761904761906,
    0.34723809523809523,
    0.34126190476190477,
    0.3319285714285714,
    0.3434047619047619,
    0.3541190476190476,
    0.3626190476190476,
    0.36557142857142855,
    0.36438095238095236,
    0.3602142857142857,
    0.3585714285714286,
    0.35628571428571426,
    0.35433333333333333,
    0.3489761904761905,
    0.35014285714285714,
    0.3556190476190476,
    0.36073809523809525,
    0.36407142857142855,
    0.3658571428571429,
    0.3645952380952381,
    0.3592142857142857,
    0.349,
    0.35095238095238096,
    0.3548809523809524,
    0.3563095238095238,
    0.3564761904761905,
    0.35995238095238097,
    0.36604761904761907,
    0.36614285714285716,
    0.36752380952380953,
    0.37016666666666664,
    0.37326190476190474,
    0.37204761904761907,
    0.37557142857142856,
    0.37383333333333335,
    0.36954761904761907,
    0.36833333333333335,
    0.3636666666666667
  ],
  "val_loss": [
    9.544209854594365,
    8.830645936833257,
    8.431464791511297,
    8.085378422739934,
    7.631791736907402,
    7.454117631487597,
    6.8906843052176505,
    6.919216697839224,
    6.519809572543472,
    6.0181353806126845,
    5.899719819362109,
    5.3568683935301635,
    4.74719879262273,
    4.040565896754705,
    3.4191149180700147,
    2.9113120963628107,
    2.6064963314122744,
    2.4360323633404146,
    2.169893342486432,
    2.0892782591416714,
    2.075405434863481,
    2.0220981620240517,
    1.9398450848326263,
    2.050205055559785,
    1.9693685714390927,
    2.346184605760499,
    1.9039205421548036,
    1.9319899802356142,
    2.0155650188775347,
    2.082426488091478,
    2.0974950650640776,
    2.101214547932647,
    2.108182706509137,
    2.1172754211020797,
    2.1663038597794175,
    2.0428015962837063,
    2.0198174637623,
    1.9992916407200805,
    1.9859583138318555,
    1.9323974039591465,
    1.9175950627637741,
    1.9083203753277975,
    1.9222671539283545,
    1.9428616902779956,
    1.926479373756564,
    1.8971925507853284,
    1.8557047009309182,
    1.8298575150943002,
    1.809830586136374,
    2.2719553512101673,
    1.7649581737313154,
    1.7685831276344044,
    1.7745560016772335,
    1.7705706149595948,
    1.7763061835729472,
    1.7802221107496554,
    1.775902289200702,
    1.7705710640402799,
    1.7645797639028415,
    1.7580888472916787,
    1.7642519432673647,
    1.7560113270409474,
    1.7439067655629645,
    1.7278840039685783,
    1.7332369141072181,
    1.7552361599691364,
    1.7190720903782457,
    1.7020840977859308,
    1.7105904645493595,
    1.7129449335495628,
    1.6950908278135954,
    1.683656631274266,
    1.677035818686765,
    1.6699408732467047,
    1.6713714639807975,
    1.6749545494477498,
    1.6705418713504188,
    1.659363116649985,
    1.656408854899118,
    1.6596921461453353,
    1.6522007210716136,
    1.65049480249405,
    1.6366461247945587,
    1.6618230458893095,
    1.6631502944700536,
    1.6478301870544492,
    1.6469459027844948,
    1.6454817437001412,
    1.6468701811936943,
    1.6412559222832652,
    1.6309146192505604,
    1.6334093728284829,
    1.6362967678670601,
    1.6345611104873266,
    1.639003602757141,
    1.6416504210580227,
    1.63081591739255,
    1.6178176872169006,
    1.6094952611678002,
    1.6114369165349134
  ],