{
  "loss": [
    10.195459351945425,
    10.014046835590559,
    9.817028497901978,
    9.603288497627345,
    9.349590680033101,
    9.108227306906096,
    8.945552585395124,
    8.857253627087063,
    8.775599464309957,
    8.676278242076142,
    8.564905174808755,
    8.4402138494941,
    8.307444808550414,
    8.17582548167507,
    8.05806693357927,
    7.951748899310206,
    7.851577978473601,
    7.768525366314407,
    7.702155062844173,
    7.61421674195505,
    7.51738744055523,
    7.416631412500708,
    7.306233571466619,
    7.1850930887898015,
    7.06010594230606,
    6.940246045375822,
    6.829323958492805,
    6.729124717271185,
    6.633746780592635,
    6.5508466158045815,
    6.467161367706629,
    6.376447937057902,
    6.268138876476611,
    6.154701491824942,
    6.039921639239022,
    5.925832547607993,
    5.816516389521979,
    5.693177801753543,
    5.553551506209049,
    5.459745051690028,
    5.2502723124180015,
    5.1146576461965205,
    4.891388504597081,
    4.727595530102722,
    4.505474352759273,
    4.320321322501611,
    4.161403364106902,
    3.9793453776890626,
    3.808416755312967,
    3.668907891775788,
    3.5037278454601424,
    3.3455603404910264,
    3.2158532563907496,
    3.0920658266859604,
    2.968845713039191,
    2.865306984084154,
    2.7800866491627656,
    2.6888011173604727,
    2.598654088572775,
    2.5152039814509064,
    2.4431991999407368,
    2.3761589201210676,
    2.3073781387562184,
    2.2478247937842926,
    2.199379468951367,
    2.1595078248572737,
    2.1217401279180983,
    2.088289963754274,
    2.0643765782598313,
    2.0462009426898895,
    2.0319456648451197,
    2.015607409412488,
    2.0015838744774546,
    1.9889785545155683,
    1.9767964200465487,
    1.9641911545955528,
    1.9505587975970158,
    1.9391244252288604,
    1.9311397078815942,
    1.9172529272126364,
    1.9065996920877928,
    1.901962909356557,
    1.8938964327669943,
    1.8858152956058727,
    1.883361705932976,
    1.8650600477835078,
    1.8630120652073365,
    1.8484821888635075,
    1.8405639385286527,
    1.842040603299378,
    1.8161575977123001,
    1.8128683282606626,
    1.8027429037945095,
    1.7819230658351901,
    1.7799123835960595,
    1.7668023429991049,
    1.7562159918683964,
    1.7561203396304115,
    1.7331253185792461,
    1.7233891678788398
  ],
  "accuracy": [
    0.09319047619047618,
    0.10621428571428572,
    0.12147619047619047,
    0.1355,
    0.15514285714285714,
    0.17726190476190476,
    0.19490476190476191,
    0.20402380952380952,
    0.21069047619047618,
    0.21761904761904763,
    0.22657142857142856,
    0.23557142857142857,
    0.2453095238095238,
    0.2563809523809524,
    0.2661428571428571,
    0.2742857142857143,
    0.2805,
    0.2869285714285714,
    0.2919285714285714,
    0.29683333333333334,
    0.3027619047619048,
    0.3082142857142857,
    0.31545238095238093,
    0.3206904761904762,
    0.3265952380952381,
    0.3300952380952381,
    0.3331904761904762,
    0.3371190476190476,
    0.3405238095238095,
    0.3446190476190476,
    0.3489285714285714,
    0.3542142857142857,
    0.3606904761904762,
    0.36602380952380953,
    0.3706190476190476,
    0.3744047619047619,
    0.378047619047619,
    0.3787142857142857,
    0.38207142857142856,
    0.37576190476190474,
    0.3823809523809524,
    0.3755952380952381,
    0.37816666666666665,
    0.3701904761904762,
    0.37104761904761907,
    0.366952380952381,
    0.3582619047619048,
    0.3540238095238095,
    0.3487857142857143,
    0.34145238095238095,
    0.34064285714285714,
    0.33726190476190476,
    0.334,
    0.33,
    0.3249761904761905,
    0.3190952380952381,
    0.3120476190476191,
    0.3083095238095238,
    0.30664285714285716,
    0.30464285714285716,
    0.3021190476190476,
    0.3003095238095238,
    0.2991666666666667,
    0.2975714285714286,
    0.2965714285714286,
    0.3083095238095238,
    0.30707142857142855,
    0.3054047619047619,
    0.304952380952381,
    0.30342857142857144,
    0.30147619047619045,
    0.29964285714285716,
    0.2991904761904762,
    0.2975,
    0.2961666666666667,
    0.2953571428571429,
    0.2957142857142857,
    0.2949761904761905,
    0.2929285714285714,
    0.29642857142857143,
    0.298,
    0.2960714285714286,
    0.29483333333333334,
    0.2961190476190476,
    0.2928095238095238,
    0.30092857142857143,
    0.30123809523809525,
    0.3079047619047619,
    0.30873809523809526,
    0.30654761904761907,
    0.3159047619047619,
    0.31361904761904763,
    0.31695238095238093,
    0.3429285714285714,
    0.3450238095238095,
    0.34864285714285714,
    0.3571666666666667,
    0.35838095238095236,
    0.37176190476190474,
    0.37783333333333335
  ],
  "val_loss": [
    10.193657019887743,
    10.019213883296912,
    9.821207468728817,
    9.606407625869764,
    9.367639338886114,
    9.131604548172534,
    8.963132023423395,
    8.880802866597904,
    8.800061923067762,
    8.696279626801513,
    8.581091256051934,
    8.470153960328426,
    8.355791636667178,
    8.240475617344469,
    8.1192528338024,
    8.01234450028626,
    7.9143133758341175,
    7.834595873880626,
    7.754210388893051,
    7.660932351017144,
    7.563109491703541,
    7.4628602826506745,
    7.352403328470148,
    7.223249050725385,
    7.091661448989341,
    6.969093956846145,
    6.851308215545791,
    6.743504468993917,
    6.6492034919848395,
    6.559739773250422,
    6.4731624454823935,
    6.379745917558354,
    6.266055848467811,
    6.1563571096855405,
    6.045815650399945,
    5.9311634350449935,
    5.827994938979663,
    5.6961839643979495,
    5.566399652535104,
    5.500223902982153,
    5.285081921393638,
    5.149183516684834,
    4.951026205407125,
    4.802999096430724,
    4.5622622817800575,
    4.347744589431521,
    4.170460326828087,
    3.9788228402122514,
    3.806043341443837,
    3.676007582179859,
    3.510517591359856,
    3.3494772396466552,
    3.217917723073335,
    3.097432803106427,
    2.9747558341859524,
    2.8675397830753555,
    2.781675974699389,
    2.686115952843578,
    2.5892581807515276,
    2.508893725703729,
    2.44261000956708,
    2.3820287380875067,
    2.3230755951131266,
    2.2731589502623626,
    2.231653283340894,
    2.1977709370426273,
    2.1671570788874854,
    2.137995894705662,
    2.1154705690896867,
    2.098275385667725,
    2.081335249669341,
    2.059620898620319,
    2.0399188580680625,
    2.0237750374629817,
    2.008541376961468,
    1.9929651644033817,
    1.9755155605446137,
    1.9613365392547795,
    1.9523762527868918,
    1.9407575250995184,
    1.9318994053261438,
    1.9288319764137294,
    1.9211923027958193,
    1.9142788283659624,
    1.912820496535506,
    1.8943951695182166,
    1.890772763466767,
    1.874232746947719,
    1.8654403393143486,
    1.866327944802573,
    1.8424731669450278,
    1.84091037283429,
    1.8298563832318449,
    1.8089851072864607,
    1.8069381662014936,
    1.7936610390535965,
    1.783390561289415,
    1.7829672381863768,
    1.7612570004787444,
    1.7530052372879972
  ],