{
  "loss": [
    9.579118421612696,
    8.084387023937614,
    7.048408923069963,
    5.4756410507386315,
    3.597586081073596,
    2.434568232920793,
    2.0208960226597963,
    1.8189570861532034,
    1.6354928847390389,
    1.4591331456089311,
    1.274241140956468,
    1.11808682855916,
    0.9937881163963752,
    0.9118782230998683,
    0.8681836816243522,
    0.7710869211248379,
    0.7176503620107088,
    0.6602975765358948,
    0.6274287190955279,
    0.5833240907215026,
    0.5496969266906067,
    0.5131138069448469,
    0.49350407310342703,
    0.4663741157732038,
    0.4530864976541214
  ],
  "accuracy": [
    0.2318095238095238,
    0.322047619047619,
    0.34545238095238096,
    0.3596190476190476,
    0.31495238095238093,
    0.31611904761904763,
    0.36483333333333334,
    0.44276190476190475,
    0.5086428571428572,
    0.5813571428571429,
    0.6267142857142857,
    0.6631190476190476,
    0.6953333333333334,
    0.7244761904761905,
    0.7453809523809524,
    0.7712619047619048,
    0.7898809523809524,
    0.800404761904762,
    0.8196428571428571,
    0.8293571428571429,
    0.8393095238095238,
    0.8534047619047619,
    0.8585,
    0.8631428571428571,
    0.8730238095238095
  ],
  "val_loss": [
    8.529201958083364,
    7.391655640459476,
    6.293519598637259,
    4.45764926296447,
    2.7852926262350644,
    2.1276913360541463,
    1.9064744704347674,
    1.7163325651041055,
    1.5358947138493864,
    1.35448683075851,
    1.184438408317161,
    1.049280789473283,
    0.9563101043438369,
    0.8670281667363837,
    0.8015734060987495,
    0.7385419565747884,
    0.6905641836621845,
    0.6633108399941002,
    0.6110583563016936,
    0.575512747386483,
    0.557409871247188,
    0.5273710505165136,
    0.49933920835026646,
    0.49309270246746423,
    0.4665892447036272
  ],
  "val_accuracy": [
    0.22657142857142856,
    0.31514285714285717,
    0.34314285714285714,
    0.3559285714285714,
    0.31292857142857144,
    0.30964285714285716,
    0.35614285714285715,
    0.43335714285714283,
    0.5021428571428571,
    0.5709285714285715,
    0.6227857142857143,
    0.6599285714285714,
    0.6941428571428572,
    0.7243571428571428,
    0.7450714285714286,
    0.7688571428571429,
    0.7895714285714286,
    0.7977857142857143,
    0.814,
    0.8218571428571428,
    0.8311428571428572,
    0.8409285714285715,
    0.8486428571428571,
    0.8510714285714286,
    0.8603571428571428
  ]
}