{
  "loss": [
    9.931857857469709,
    9.416918868525405,
    8.94393420840809,
    8.729196739090952,
    8.466679056264871,
    8.235340725974469,
    8.083533275256569,
    7.8982218992983535,
    7.6478595178170306,
    7.391262903656426,
    7.253209253738343,
    7.039825182058682,
    6.779197991552876,
    6.685351836436468,
    6.475325632720898,
    6.196071818431316,
    5.976586597368981,
    5.7740403014057256,
    5.445698723776348,
    5.035747943672382,
    4.596863824055351,
    4.166607579478411,
    3.73447272540254,
    3.332354042602696,
    2.994937677450583,
    2.7508710126115092,
    2.570782536867668,
    2.4242200108911556,
    2.3006351905026077,
    2.2231039200919236,
    2.159379500721263,
    2.10842348262937,
    2.0704056664296018,
    2.043903819352229,
    2.018159805857259,
    2.002652244350918,
    1.9717217309734725,
    1.943445313671187,
    1.9264325886782452,
    1.908087684611591,
    1.887539365031437,
    1.8702532791055773,
    1.8629153255289517,
    1.849125122801127,
    1.8503866011330115,
    1.8293172697224955,
    1.8095539078601466,
    1.8115740149335022,
    1.7973424352131995,
    1.8080299978569772,
    1.7963321128770722,
    1.7852193675709187,
    1.7645758453602784,
    1.7624431589317682,
    1.7688961979690954,
    1.7541661496710828,
    1.742441376231627,
    1.7222318216478896,
    1.7459699608849735,
    1.711335411052542,
    1.7089993070172818,
    1.7014329656672018,
    1.698472606913795,
    1.6891504281756728,
    1.6798785874203868,
    1.6672771604468257,
    1.6618109853568654,
    1.6412850542375461,
    1.6418838579393213,
    1.6443083394618017,
    1.6284064424672855,
    1.6272532506965534,
    1.6245764621549832,
    1.6249020208396694,
    1.6200018625888084,
    1.583171518975849,
    1.5735543171244533,
    1.5795996242100734,
    1.56085672531256,
    1.5283487451669198,
    1.5359013579351455,
    1.5057872978784173,
    1.4792115535712698,
    1.5453268599686458,
    1.488150066682214,
    1.4643040054205647,
    1.514159170700715,
    1.4881546835401678,
    1.542179820760262,
    1.4787437612046663,
    1.5213087939887266,
    1.434326268336266,
    1.4643767259537641,
    1.404474246206835,
    1.4508553633326189,
    1.3434849186633366,
    1.3707454197258064,
    1.358375489187378,
    1.340892031432113,
    1.3625886962381815
  ],
  "accuracy": [
    0.11378571428571428,
    0.15078571428571427,
    0.19726190476190475,
    0.21476190476190476,
    0.2337142857142857,
    0.25476190476190474,
    0.26685714285714285,
    0.28173809523809523,
    0.29747619047619045,
    0.31114285714285717,
    0.30788095238095237,
    0.31742857142857145,
    0.343,
    0.3478333333333333,
    0.35895238095238097,
    0.3752857142857143,
    0.37611904761904763,
    0.37347619047619046,
    0.38097619047619047,
    0.3969285714285714,
    0.39171428571428574,
    0.3760476190476191,
    0.35545238095238096,
    0.3392857142857143,
    0.31783333333333336,
    0.2929047619047619,
    0.27604761904761904,
    0.26580952380952383,
    0.26261904761904764,
    0.28035714285714286,
    0.2844047619047619,
    0.2901190476190476,
    0.2944761904761905,
    0.2945952380952381,
    0.29285714285714287,
    0.2937142857142857,
    0.2955238095238095,
    0.2988095238095238,
    0.3017142857142857,
    0.3045,
    0.30807142857142855,
    0.3125952380952381,
    0.31457142857142856,
    0.3225,
    0.32226190476190475,
    0.32654761904761903,
    0.3271428571428571,
    0.32395238095238094,
    0.33195238095238094,
    0.3323809523809524,
    0.3305952380952381,
    0.3273333333333333,
    0.32954761904761903,
    0.3273809523809524,
    0.324,
    0.3280952380952381,
    0.3303809523809524,
    0.3415,
    0.3489761904761905,
    0.3512857142857143,
    0.35219047619047616,
    0.3524047619047619,
    0.35069047619047616,
    0.3560714285714286,
    0.3635,
    0.37126190476190474,
    0.371952380952381,
    0.3782142857142857,
    0.3797857142857143,
    0.3782142857142857,
    0.3908333333333333,
    0.3840952380952381,
    0.38585714285714284,
    0.37288095238095237,
    0.380047619047619,
    0.39530952380952383,
    0.4081666666666667,
    0.399,
    0.4115238095238095,
    0.42064285714285715,
    0.4175952380952381,
    0.4205238095238095,
    0.4342857142857143,
    0.39604761904761904,
    0.4539047619047619,
    0.455,
    0.42592857142857143,
    0.44276190476190475,
    0.44471428571428573,
    0.45061904761904764,
    0.4113095238095238,
    0.4529761904761905,
    0.4600952380952381,
    0.4814761904761905,
    0.4612857142857143,
    0.5137619047619048,
    0.49685714285714283,
    0.49907142857142855,
    0.5243333333333333,
    0.5365
  ],
  "val_loss": [
    9.933348183512654,
    9.43702080605465,
    8.973971109841118,
    8.762199004250661,
    8.502134785600257,
    8.309611990601015,
    8.168277608117723,
    7.983903882853979,
    7.727067407353661,
    7.445226450769287,
    7.253940945018648,
    7.003741172607953,
    6.796128178590212,
    6.709931795015938,
    6.490613990600369,
    6.200890891778886,
    5.980601351116813,
    5.779385923138577,
    5.4651962725115135,
    5.090831222116932,
    4.656597784862913,
    4.206982945211133,
    3.7652324544255453,
    3.361255906499495,
    3.0178250368760673,
    2.778928867394769,
    2.604019799476408,
    2.4520525490791067,
    2.33450183592072,
    2.2550487922896485,
    2.191591359700126,
    2.1336525579414993,
    2.080450934424674,
    2.0473033178438786,
    2.0266148645260986,
    2.017418451162758,
    1.9889940117228246,
    1.9576173658335003,
    1.936118621266182,
    1.9130126502683358,
    1.8917251173732854,
    1.8745754776556312,
    1.8695811620786589,
    1.8614704246505154,
    1.8645362637050644,
    1.8491108183558354,
    1.8323191945870718,
    1.8358562176539428,
    1.8262143772159247,
    1.8359308957666471,
    1.8144874525100199,
    1.7951784432422502,
    1.7743271408027323,
    1.7741733941815987,
    1.7798348966912567,
    1.7591576459266365,
    1.746113500675355,
    1.7330527257938868,
    1.764424741076063,
    1.7252982636674354,
    1.7239555470682824,
    1.7116864009242536,
    1.7037663444572388,
    1.6925665941793457,
    1.6837131591349348,
    1.6731280612785107,
    1.6747078182593593,
    1.6589676001889706,
    1.6620329570079309,
    1.6661129809790924,
    1.653082722638957,
    1.6432335592515228,
    1.6373796871038202,
    1.627604811933908,
    1.6307282945622796,
    1.603623120274245,
    1.5922678047036527,
    1.5919878241902952,
    1.5731958690818033,
    1.5434939794129576,
    1.5517566600083472,
    1.517535726921614,
    1.487131890956353,
    1.5562179532101612,
    1.5020894603445807,
    1.4825429081844226,
    1.53026080132019,
    1.5040648373747805,
    1.5540955224397268,
    1.4929011254055773,
    1.5259005613376275,
    1.4331623230657746,
    1.4723857824062476,
    1.4132423833019732,
    1.451859964032504,
    1.3436247404697776,
    1.379405929625879,
    1.369744381439229,
    1.3629572087741757,
    1.390607481433961
  ],