{
  "loss": [
    10.304643530826272,
    10.269891679623218,
    10.231566860142747,
    10.189973788697515,
    10.145754636685165,
    10.099600624357542,
    10.052029702900667,
    10.00389631285568,
    9.95550508052169,
    9.907014132489067,
    9.858479708591382,
    9.809668053616457,
    9.760415328452716,
    9.709780155648096,
    9.656172508054471,
    9.599258621774085,
    9.539010450420225,
    9.476042804412224,
    9.412052295468712,
    9.34790733367632,
    9.284559107581014,
    9.223652803348058,
    9.167589750537747,
    9.11654753841502,
    9.071085778888039,
    9.031279348735474,
    8.99716197524013,
    8.967816732078381,
    8.941811239382682,
    8.917403579565658,
    8.89244113589244,
    8.86496748894758,
    8.83404362862582,
    8.799796351616035,
    8.76335904667958,
    8.72509006404146,
    8.685616001862373,
    8.644171856699366,
    8.60129748161502,
    8.558136857775864,
    8.515332860920694,
    8.472891986528012,
    8.43093964611555,
    8.38941175063785,
    8.347831822494506,
    8.307094813838717,
    8.268288261546942,
    8.232085300913692,
    8.198016565268782,
    8.16475304745672,
    8.132451207085213,
    8.101687287364268,
    8.072748269886501,
    8.045219118281738,
    8.017974950541262,
    7.9905235680223266,
    7.9628527823960455,
    7.935220738258727,
    7.907422442416868,
    7.879330754738609,
    7.851349972328904,
    7.82394863569966,
    7.796651459250406,
    7.769226439161949,
    7.742197462386704,
    7.7159623200275,
    7.690512237673434,
    7.6651784545407695,
    7.639473086005108,
    7.6122915415071875,
    7.583357838581971,
    7.5524278674318115,
    7.5212331981204255,
    7.489846537905524,
    7.459413770945023,
    7.429990517990192,
    7.401654837852098,
    7.373891633919076,
    7.346420583346232,
    7.319297906700595,
    7.292027773473266,
    7.265274529871926,
    7.238825900740016,
    7.212410647283443,
    7.185485341497011,
    7.1587320118148,
    7.130138585859261,
    7.099869925222562,
    7.068841777953307,
    7.038048491096143,
    7.007409500535703,
    6.977223082003549,
    6.946826983922248,
    6.916019837591169,
    6.884515242678666,
    6.851922200229203,
    6.819126065932332,
    6.787120051180872,
    6.755165770795528,
    6.723037550412124
  ],
  "accuracy": [
    0.08714285714285715,
    0.08909523809523809,
    0.09076190476190477,
    0.09338095238095238,
    0.09654761904761905,
    0.09954761904761905,
    0.10335714285714286,
    0.10752380952380952,
    0.11140476190476191,
    0.11466666666666667,
    0.11852380952380952,
    0.12273809523809524,
    0.12623809523809523,
    0.1295238095238095,
    0.13302380952380952,
    0.1367857142857143,
    0.14033333333333334,
    0.14507142857142857,
    0.1508809523809524,
    0.15576190476190477,
    0.16088095238095237,
    0.16673809523809524,
    0.1724047619047619,
    0.1776904761904762,
    0.18307142857142858,
    0.18757142857142858,
    0.1915,
    0.19464285714285715,
    0.19773809523809524,
    0.20007142857142857,
    0.2014047619047619,
    0.20352380952380952,
    0.20576190476190476,
    0.2079047619047619,
    0.21114285714285713,
    0.21364285714285713,
    0.21621428571428572,
    0.21957142857142858,
    0.22211904761904763,
    0.22495238095238096,
    0.22826190476190475,
    0.2317142857142857,
    0.23483333333333334,
    0.23852380952380953,
    0.24176190476190476,
    0.24466666666666667,
    0.24807142857142858,
    0.25088095238095237,
    0.25383333333333336,
    0.2567857142857143,
    0.25885714285714284,
    0.26154761904761903,
    0.26435714285714285,
    0.2669047619047619,
    0.26861904761904765,
    0.27064285714285713,
    0.2726904761904762,
    0.2745,
    0.2762142857142857,
    0.27826190476190477,
    0.2805238095238095,
    0.2825238095238095,
    0.28459523809523807,
    0.2865,
    0.28845238095238096,
    0.2900952380952381,
    0.2920952380952381,
    0.2935714285714286,
    0.2953571428571429,
    0.2965238095238095,
    0.2989047619047619,
    0.3007619047619048,
    0.30223809523809525,
    0.30483333333333335,
    0.307,
    0.30923809523809526,
    0.31183333333333335,
    0.3135476190476191,
    0.31523809523809526,
    0.3167142857142857,
    0.3184047619047619,
    0.32007142857142856,
    0.3218809523809524,
    0.3227380952380952,
    0.32416666666666666,
    0.32542857142857146,
    0.3269047619047619,
    0.3284047619047619,
    0.3297380952380952,
    0.3313809523809524,
    0.3327380952380952,
    0.33421428571428574,
    0.3354761904761905,
    0.33640476190476193,
    0.3368809523809524,
    0.3377857142857143,
    0.3382380952380952,
    0.33890476190476193,
    0.3403095238095238,
    0.34104761904761904
  ],
  "val_loss": [
    10.296715267228956,
    10.262933631723607,
    10.226873134469834,
    10.188517726540294,
    10.147340325471525,
    10.103583564373578,
    10.057260771467618,
    10.009570130270587,
    9.961853705800475,
    9.913870132684984,
    9.865901392545426,
    9.818497378278778,
    9.770330438265727,
    9.719606650457264,
    9.665228690688823,
    9.607151413673881,
    9.548099142458575,
    9.488504817079736,
    9.428448940231664,
    9.368856652354152,
    9.309323023335761,
    9.250328866811543,
    9.193630538599734,
    9.141144944167959,
    9.094443449223489,
    9.054494527698653,
    9.021425037967726,
    8.994057664681556,
    8.970318793805683,
    8.947096738487758,
    8.9227206605072,
    8.897085657357927,
    8.86839735664558,
    8.83621459859415,
    8.801103679906687,
    8.76260767869594,
    8.72191030175575,
    8.679316328288413,
    8.634861140084745,
    8.590985501207465,
    8.547164734050005,
    8.505080683221093,
    8.464945171028956,
    8.424985073523727,
    8.387018164889616,
    8.350790077189282,
    8.315553276291977,
    8.28133353373904,
    8.249402141035622,
    8.219832476217503,
    8.192381545410186,
    8.166782235693706,
    8.141569099346011,
    8.116106859802489,
    8.089259490200272,
    8.060780796171846,
    8.031651069640219,
    8.002535982245558,
    7.973616096192561,
    7.944786065557355,
    7.914973457994975,
    7.885221460103835,
    7.855751184068188,
    7.826405843004416,
    7.797509665615453,
    7.7695105704133685,
    7.742089686039971,
    7.7147542591574165,
    7.687637412579985,
    7.659727688426543,
    7.63085291495085,
    7.60127861099209,
    7.571479733858717,
    7.54142387108566,
    7.511639238200177,
    7.482377727010767,
    7.45483204119893,
    7.42722997383126,
    7.3985271095780005,
    7.36911378706052,
    7.339403124811144,
    7.310350121293508,
    7.281929742019498,
    7.253894911482407,
    7.225454482676628,
    7.196870781427486,
    7.166469748296433,
    7.134824419220682,
    7.103113819522548,
    7.071848250462328,
    7.0410684314630565,
    7.011145302309673,
    6.98115695625626,
    6.950121230617887,
    6.917812342237783,
    6.883776565890583,
    6.849133848655596,
    6.815449378250675,
    6.782399339303209,
    6.749367218535109
  ],